id,text,anger,disgust,fear,joy,sadness,surprise,emotions,lang,split,neutral
eng_train_track_a_02736,"i tilt my head down to examine the bottom of the glass to see that there is a large, open terrain where the gash does not touch.",0,0,0,0,0,1,['surprise'],eng,train,0
eng_train_track_a_00569,my sleepy head forced me to sleep and my eyelids felt very heavy that i had to surrender and doze off.,0,0,0,0,0,0,[],eng,train,0
eng_train_track_a_02147,"i was okay, though it was hot when it landed at on my arm.",0,0,0,0,0,0,[],eng,train,0
eng_train_track_a_01642,"my left clav essentially blew up, but it didn't stop there.",0,0,1,0,0,1,['fear' 'surprise'],eng,train,0
eng_train_track_a_02206,"there was the shock of all my teeth on the bottom being pushed so out of whack i needed oral surgery and oh year, my jaw was broken.",1,0,1,0,1,1,['anger' 'fear' 'sadness' 'surprise'],eng,train,0
eng_train_track_a_02486,kinda got stuck in my mouth!,0,0,1,0,0,1,['fear' 'surprise'],eng,train,0
eng_train_track_a_01195,i pulled a shard of bone out of my mouth.,0,0,1,0,0,0,['fear'],eng,train,0
eng_train_track_a_00231,it was funny because i thought i broke my arm.,0,0,1,1,0,1,['fear' 'joy' 'surprise'],eng,train,0
eng_train_track_a_01196,"by sharlyn guthrie from the sea fate called to me, harmless ` round my ankles danced.",0,0,0,1,0,0,['joy'],eng,train,0
eng_train_track_a_00668,"my parents kept yelling while i walked into the living room and started watching tv, knife still protruding from my lung.",1,0,1,0,1,1,['anger' 'fear' 'sadness' 'surprise'],eng,train,0
eng_train_track_a_00756,she said she wasn't going to be at school for at least a week.,0,0,1,0,0,1,['fear' 'surprise'],eng,train,0
eng_train_track_a_02062,charlie was so crazy!,0,0,0,1,0,1,['joy' 'surprise'],eng,train,0
eng_train_track_a_00921,"blah i want my head to stop hurting, and my eyes to start tearing up but i do nt see any of these things happening soon.",0,0,1,0,1,0,['fear' 'sadness'],eng,train,0
eng_train_track_a_01303,"warmth, acrossed my cheek from golden rays.",0,0,0,1,0,0,['joy'],eng,train,0
eng_train_track_a_01973,which means i have a ton of extra time on my hands.,0,0,0,1,0,0,['joy'],eng,train,0
eng_train_track_a_01045,and found myself giggling that every day at the same time (3:15) jesus would sign into the guest register.,0,0,0,1,0,1,['joy' 'surprise'],eng,train,0
eng_train_track_a_02207,"tall, pale, skinny, great body.",0,0,0,1,0,0,['joy'],eng,train,0
eng_train_track_a_01010,"there was nothing else of mine in her belongings, and i stood up and dusted my hands off.",0,0,0,1,0,0,['joy'],eng,train,0
eng_train_track_a_00670,i will probably die never knowing more of him.,0,0,1,0,1,0,['fear' 'sadness'],eng,train,0
eng_train_track_a_02218,"why people remember what they remember, why they forget what they forget for now just introduce her to familiar situations gently. shankar said in a hard, warning tone, before adding in sympathy, and hope for the best. logan sighed, rubbing his temples in sudden exhaustion, despite the fact it was only just now creeping up on midnight.",0,0,1,0,1,0,['fear' 'sadness'],eng,train,0
eng_train_track_a_00536,"i was aghast but attempted to help her, so as not to tear the dress or hurt my arms.",0,0,1,0,0,0,['fear'],eng,train,0
eng_train_track_a_01617,"they played the majority of the classics thank god, and i screamed my heart out which is why i have no voice right now.",0,0,0,1,0,0,['joy'],eng,train,0
eng_train_track_a_00019,"not only was i not able to move, i smacked my head against the guy sitting in front me and things just got awkward.",1,0,1,0,0,0,['anger' 'fear'],eng,train,0
eng_train_track_a_00874,"and here in edinburgh, through this journey of mine, it has been right at my side, in my hand.",0,0,0,1,0,0,['joy'],eng,train,0
eng_train_track_a_02657,"in between extremely difficult contractions as i was bent over to let the epiduralist do his work with a minimum of motion from me, i asked veikko to repeat `` you are not dying '' to me, because it really felt like my brain believed that despite all logic.",0,0,1,0,1,0,['fear' 'sadness'],eng,train,0
eng_train_track_a_02528,"it seems to me lately a cloud, cruel, innately has taken up residence in my head.",0,0,1,0,1,0,['fear' 'sadness'],eng,train,0
eng_train_track_a_02199,"however untrue i know this is intellectually -- for i still have family in indiana, aunts, uncles, cousins, and my grandfather lucas, who is still alive and kickin ' -- i still can not ignore this damned shade that keeps popping up over my shoulder and whisper's my worst fear: `` alone. ''",0,0,1,0,1,0,['fear' 'sadness'],eng,train,0
eng_train_track_a_00038,i don't stop.,0,0,1,0,0,0,['fear'],eng,train,0
eng_train_track_a_01074,"all-in-all i had a great time, my back didn't kill me, and i felt great after the game was over.",0,0,0,1,0,0,['joy'],eng,train,0
eng_train_track_a_01280,"not too long after my family left, a guy came in to hook me up to yet another machine briefly to check my breathing which proved to be labored but not dangerously slow ( a nurse came in later a gave me a little toy thing to exercise my lungs which helped a bit ) and another couple guys came in to take an x-ray of my lungs.",0,0,1,0,0,0,['fear'],eng,train,0
eng_train_track_a_01982,"navy, air traffic controller.",0,0,0,0,0,0,[],eng,train,0
eng_train_track_a_02475,"""perhaps i'll alter the whole thing.",0,0,0,1,0,1,['joy' 'surprise'],eng,train,0
eng_train_track_a_00820,please feel free to comment any questions,0,0,0,1,0,0,['joy'],eng,train,0
eng_train_track_a_00864,"i just cracked my head into a glass door.a delivery person, instead of calling me and saying `` i've got a package. ''",1,0,1,0,0,0,['anger' 'fear'],eng,train,0
eng_train_track_a_02404,west hollywood is a creepy fucking place to live.,1,0,1,0,0,1,['anger' 'fear' 'surprise'],eng,train,0
eng_train_track_a_01369,it would be her first great grandchild.,0,0,0,1,0,1,['joy' 'surprise'],eng,train,0
eng_train_track_a_01396,"things were great for awhile, everything was perfect.",0,0,0,1,0,0,['joy'],eng,train,0
eng_train_track_a_00623,"and i said, `` hey wait a second, one of the songs titles sounds familiar... `` after months of wracking my brain, i have the title and song itself.",0,0,0,1,0,1,['joy' 'surprise'],eng,train,0
eng_train_track_a_00716,then she told me it might be due to the new birth control pills she started soon after i left.,0,0,1,0,1,1,['fear' 'sadness' 'surprise'],eng,train,0
eng_train_track_a_00029,now when i have too much to do my brain just gets distracted by all the other jobs jostling for attention.,0,0,1,0,0,0,['fear'],eng,train,0
eng_train_track_a_00041,"and i got ta tell you right here folks, that brings a tear to my eye.",0,0,0,1,1,0,['joy' 'sadness'],eng,train,0
eng_train_track_a_00230,"staring down at the device, i felt this cold chill start at the base of my neck and spread throughout my body.",0,0,1,0,0,1,['fear' 'surprise'],eng,train,0
eng_train_track_a_01159,the next day i got a tetanus shot.,0,0,1,0,0,0,['fear'],eng,train,0
eng_train_track_a_01567,"tears spilled onto my cheeks, and i let myself rest in the pain.",0,0,1,0,1,0,['fear' 'sadness'],eng,train,0
eng_train_track_a_02463,unfortunately my mum decided to clear out his old room and she found them.,0,0,1,0,1,1,['fear' 'sadness' 'surprise'],eng,train,0
eng_train_track_a_01268,it was so fucking weird.,0,0,1,0,0,1,['fear' 'surprise'],eng,train,0
eng_train_track_a_01511,i realized i was now down to my last 20 pound note and some coins ( which i have yet to figure out ) so i decided to keep my eye open for an atm.,0,0,1,0,0,0,['fear'],eng,train,0
eng_train_track_a_00444,he ran outside with it to find this man at the bottom of our driveway.,0,0,1,0,0,1,['fear' 'surprise'],eng,train,0
eng_train_track_a_02552,"*  in trying to include new mother in law into the wedding festivities, i invited her to pick out the flower girl dress for her granddaughter (her other son's daughter).",0,0,0,1,0,0,['joy'],eng,train,0
eng_train_track_a_00885,"`` i zip up the tote back quickly, throw it onto my shoulder and grab up the other, larger bag.",0,0,0,1,0,0,['joy'],eng,train,0
eng_train_track_a_00311,"we all refer to it as the witch scream, and to this day i have no idea what made it.",0,0,1,0,0,1,['fear' 'surprise'],eng,train,0
eng_train_track_a_02464,he was discharged from the army as well.,0,0,0,0,1,0,['sadness'],eng,train,0
eng_train_track_a_02328,i again told myself to wake up.,0,0,1,0,1,0,['fear' 'sadness'],eng,train,0
eng_train_track_a_00098,my eyes welled up with tears and my voice cracked.,0,0,1,0,1,0,['fear' 'sadness'],eng,train,0
eng_train_track_a_00999,almost at the instant that the first drop of sweat popped out on my head i had the weirdest experience.,0,0,1,0,0,1,['fear' 'surprise'],eng,train,0
eng_train_track_a_02080,"i would be about 10 maybe, anyway i was out with my mom , dad and sister.",0,0,0,1,0,0,['joy'],eng,train,0
eng_train_track_a_00509,"i lowered my head so it fell across my face, a good excuse not to look directly at cody.",0,0,1,0,0,0,['fear'],eng,train,0
eng_train_track_a_02065,my brain's dead weight i'm tryin to get my head straight but i can't figure out which cheerleader i wan na impregnate.,0,0,1,0,1,0,['fear' 'sadness'],eng,train,0
eng_train_track_a_01094,"i'm trying to bribe them, keep them happy, and keep the steam from coming out of my ears, since i don't really know how to photoshop steam out.",1,0,1,0,0,0,['anger' 'fear'],eng,train,0
eng_train_track_a_01221,and soon well need more cabbage and potatoes.,0,0,0,0,0,0,[],eng,train,0
eng_train_track_a_01848,"i needed to come out of a parking lot on the side of the highway and then pull the car up to a high speed so as not to have an accident/annoy highway drivers, so i was pretty nervously sitting there, waiting for the right opportunity.",0,0,1,0,0,0,['fear'],eng,train,0
eng_train_track_a_01955,""" and look in my rear view mirror.",0,0,1,0,0,0,['fear'],eng,train,0
eng_train_track_a_01888,"he bought the first beer, and before it was even gone i had a new full one in my hand!",0,0,0,1,0,0,['joy'],eng,train,0
eng_train_track_a_00962,"amanda and i carried the washer up with no problems but as we sat it down in the street, my back gave out.",0,0,1,0,1,0,['fear' 'sadness'],eng,train,0
eng_train_track_a_01916,this happened like 10 years ago.,0,0,0,0,0,1,['surprise'],eng,train,0
eng_train_track_a_01570,"when i fell asleep in some strangers bedroom at some strangers party, and some stangers held my arms, my legs, and never took `` no '' for an answer, and there we were.",1,0,1,0,1,0,['anger' 'fear' 'sadness'],eng,train,0
eng_train_track_a_01918,"the stranger is left speechless, confused, and strangely proud.",0,0,1,1,0,1,['fear' 'joy' 'surprise'],eng,train,0
eng_train_track_a_02210,we got stuck on pandemonium lol it was so funny.i hurt my foot somehow lol figures now that i have no insuarance and i'm waiting to hear back from mass health.,1,0,1,1,1,0,['anger' 'fear' 'joy' 'sadness'],eng,train,0
eng_train_track_a_01217,"there was the tiniest pause in my head for a moment, as i looked round at her.",0,0,1,0,0,0,['fear'],eng,train,0
eng_train_track_a_01472,"but early in the morning, say five or six, they all fell asleep.",0,0,0,0,0,0,[],eng,train,0
eng_train_track_a_00735,"i could have gone inside, explored more, done so much more but i wasn't accustom to this laid back run down place yet, a part of me still watched every car that drove by and looked over my shoulder every few seconds.",0,0,1,0,1,0,['fear' 'sadness'],eng,train,0
eng_train_track_a_01976,"i whimpered, and my heels started pounding against the hardwood floor.",0,0,1,0,0,0,['fear'],eng,train,0
eng_train_track_a_02581,"however, i get sick to my stomach when i think about the fact that i have been sleeping with my brother for so long.",0,0,1,0,0,0,['fear'],eng,train,0
eng_train_track_a_02759,"like, brain freeze on my leg!!",0,0,1,0,1,1,['fear' 'sadness' 'surprise'],eng,train,0
eng_train_track_a_01554,"the whole time, relentless joy, as though a smile was consistently on my face, and even when it wasn't, it still lay beneath the surface, a laugh always ready to come out.",0,0,0,1,0,0,['joy'],eng,train,0
eng_train_track_a_00443,my stomach is ichy and achy.,0,0,1,0,1,0,['fear' 'sadness'],eng,train,0
eng_train_track_a_02162,"finding them, i whipped one out and put it in my ear, swabbing.",0,0,0,0,0,0,[],eng,train,0
eng_train_track_a_02643,"chapter nine: honestly, when i was alive you could not have paid me to show my face at the community center.",1,0,0,0,1,0,['anger' 'sadness'],eng,train,0
eng_train_track_a_00052,nothing behind me either.,0,0,1,0,0,1,['fear' 'surprise'],eng,train,0
eng_train_track_a_02631,"i'm like amused by the auntie who's holding my arm all the way, and i'm thinking of all the weird pictures i took with yongqing, then i remembered my flying eyebrows, and my smile = & %!",0,0,0,1,0,0,['joy'],eng,train,0
eng_train_track_a_00741,i can even lift my arms above my head.,0,0,0,1,0,0,['joy'],eng,train,0
eng_train_track_a_01255,she lived in the boonies &amp; one night she was getting ready for bed when she glanced out the window &amp; saw a red flicker.,0,0,1,0,0,1,['fear' 'surprise'],eng,train,0
eng_train_track_a_02554,"you name it, i did it.",0,0,0,1,0,0,['joy'],eng,train,0
eng_train_track_a_01852,my disbelief was outstanding.,0,0,0,0,0,1,['surprise'],eng,train,0
eng_train_track_a_00229,apparently the aftermath of the clogged toilet was pretty gruesome.,0,0,1,0,0,1,['fear' 'surprise'],eng,train,0
eng_train_track_a_02749,when it's right under my nose i can't see what's what.,0,0,1,0,0,0,['fear'],eng,train,0
eng_train_track_a_00255,"i'd just started a new character on a different world than i usually play on, then this guy wants to join my party...",0,0,1,1,0,1,['fear' 'joy' 'surprise'],eng,train,0
eng_train_track_a_01338,guys are trying to get in your pants.,1,0,1,0,0,0,['anger' 'fear'],eng,train,0
eng_train_track_a_02696,this will get buried so it is probably for the best.,0,0,0,0,1,0,['sadness'],eng,train,0
eng_train_track_a_00301,"once we got them all back into the room, one little girl ( the youngest of this group ) roughly pushed a little boy who was standing near me ( i was sitting with my legs blocking the doorway ) into the door jamb in her attempt to get out.",0,0,1,0,0,1,['fear' 'surprise'],eng,train,0
eng_train_track_a_00407,her are a few things that went through my head.,0,0,1,0,0,0,['fear'],eng,train,0
eng_train_track_a_00694,and it constantly feels like thoughts are racing through my head.,0,0,1,0,1,0,['fear' 'sadness'],eng,train,0
eng_train_track_a_01964,"this'll probably get buried, but what the hell?",0,0,0,0,0,1,['surprise'],eng,train,0
eng_train_track_a_01962,"i began to start running away again, but i tripped and fell flat on my back.",0,0,1,0,1,0,['fear' 'sadness'],eng,train,0
eng_train_track_a_01514,i stomped my foot in anger.,1,0,0,0,0,0,['anger'],eng,train,0
eng_train_track_a_01373,"bless his heart $ < 3 warnings: smoking, swearing, ridiculous spacing ( apologies ) i leaned thoughtfully against the brick wall outside of the studio, feeling the cold, rugged material of the stone press against my back through the black military blazer i wore, as i took a drag from my cigarette.",0,0,0,0,0,0,[],eng,train,0
eng_train_track_a_02411,this is probably more paranormal than matrix-y but still weird coincidence.,0,0,1,0,0,1,['fear' 'surprise'],eng,train,0
eng_train_track_a_01401,"several hours of that was enough to put me flat on my back, so i took a nice long nap, then just rested for the remainder of the day.",0,0,1,0,0,0,['fear'],eng,train,0
eng_train_track_a_01370,i just sat there panting and wiping tears and mucus off my face.,0,0,1,0,1,0,['fear' 'sadness'],eng,train,0
eng_train_track_a_01735,"total: 80.5 miles ( 10,550 ' ) my legs felt great all week, which is really encouraging considering this is the first week of the taper.",0,0,0,1,0,1,['joy' 'surprise'],eng,train,0
eng_train_track_a_00617,wait around... getting pissed.,1,0,1,0,0,0,['anger' 'fear'],eng,train,0
eng_train_track_a_00005,then the screaming started.,0,0,1,0,1,1,['fear' 'sadness' 'surprise'],eng,train,0
eng_train_track_a_00387,"ah, internet dating, it's a fun world.",0,0,0,1,0,0,['joy'],eng,train,0
eng_train_track_a_01958,"for the first time, i noticed their eyes.",0,0,0,0,0,1,['surprise'],eng,train,0
eng_train_track_a_02364,i told him three things:,0,0,0,0,0,0,[],eng,train,0
eng_train_track_a_00374,and probably murder me.,0,0,1,0,0,0,['fear'],eng,train,0
eng_train_track_a_02016,never trust a fart.,0,0,1,1,0,0,['fear' 'joy'],eng,train,0
eng_train_track_a_01578,echoing cruelly in my ears.,1,0,1,0,1,0,['anger' 'fear' 'sadness'],eng,train,0
eng_train_track_a_00040,"after scratching my head, i headed to the front yard, where there are no trees, on the off chance that something truly weird had caused a limb to plop down on my house.",0,0,1,0,0,1,['fear' 'surprise'],eng,train,0
eng_train_track_a_01048,"still, a creepy happening.",0,0,1,0,0,1,['fear' 'surprise'],eng,train,0
eng_train_track_a_01088,"the first one was far enough ahead that it didn't startle me so much.anyway, for the gruesomely curious, here are some pics of my injuries: my elbow got the worst of it.",1,0,1,0,1,0,['anger' 'fear' 'sadness'],eng,train,0
eng_train_track_a_02751,so now my knee is hyperextended and it hurts like a bitch.,1,0,1,0,1,0,['anger' 'fear' 'sadness'],eng,train,0
eng_train_track_a_02450,things are relatively quiet.,0,0,0,1,0,0,['joy'],eng,train,0
eng_train_track_a_02334,"anyhow, there was this other kid there.",0,0,0,0,0,1,['surprise'],eng,train,0
eng_train_track_a_02471,"it can't be a plane as the lights never move, they just, appear.",0,0,1,0,0,1,['fear' 'surprise'],eng,train,0
eng_train_track_a_00794,"when my back hit the far wall, and the shovel against the wall fell on the dirt, i screamed.",0,0,1,0,1,1,['fear' 'sadness' 'surprise'],eng,train,0
eng_train_track_a_02565,"so, i was ten years old at the time.",0,0,0,0,0,0,[],eng,train,0
eng_train_track_a_00251,it was mutually beneficial.,0,0,0,1,0,0,['joy'],eng,train,0
eng_train_track_a_02547,"they strapped some thing ( yes, that's a technical term ) around my belly that monitors the baby's heartbeat and contractions ( which i was unaware of at the time, but found out about later. )",0,0,1,0,0,0,['fear'],eng,train,0
eng_train_track_a_02454,so i literally slept with michel thomas ' heavily polish-german accented french ringing in my ears.4.,0,0,0,0,0,0,[],eng,train,0
eng_train_track_a_00767,"only one hour of sleep, then 9 hours on my feet.",0,0,1,0,0,0,['fear'],eng,train,0
eng_train_track_a_02608,so i got up and tried him again.,0,0,1,0,0,0,['fear'],eng,train,0
eng_train_track_a_00064,"i did manage to remember to hang out the washing, but only because the annoying beeping sound the washer makes when its finished a cycle finally filtered into my brain and started to irritate me enough that i couldn't ignore it any longer.",1,0,1,0,0,0,['anger' 'fear'],eng,train,0
eng_train_track_a_00119,and throw my hands in the air.,0,0,0,1,0,0,['joy'],eng,train,0
eng_train_track_a_01246,we've never met.,0,0,0,0,0,1,['surprise'],eng,train,0
eng_train_track_a_00486,i would then freeze with fear.,0,0,1,0,0,0,['fear'],eng,train,0
eng_train_track_a_01186,she sat me in the chair and spent a total of 30 seconds looking in my mouth.,0,0,0,0,0,0,[],eng,train,0
eng_train_track_a_00281,threw my underwear away in their kitchen garbage.,0,0,1,0,0,1,['fear' 'surprise'],eng,train,0
eng_train_track_a_00177,they hooked me up to an iv to give me some medicine ( not sure what kind ) and gave me a shot of adrenaline to try to get the swelling in my throat down.,0,0,1,0,0,0,['fear'],eng,train,0
eng_train_track_a_00936,"she hit katahdin, and celebrated.",1,0,0,1,0,0,['anger' 'joy'],eng,train,0
eng_train_track_a_02114,i cannot stay here.,1,0,1,0,1,0,['anger' 'fear' 'sadness'],eng,train,0
eng_train_track_a_01811,how stupid of him.,1,0,0,0,0,0,['anger'],eng,train,0
eng_train_track_a_01021,"i know it is true, for my own glasses have been gone for over 16 years, and i know what to do and what not to do in order to have my eyesight relax, my vision stay sharp, and my eyes happy.",0,0,0,1,0,0,['joy'],eng,train,0
eng_train_track_a_02148,every boarding school has some odd tradition or skill students must undertake before graduation.,0,0,0,0,0,1,['surprise'],eng,train,0
eng_train_track_a_01282,"the manager was at the till beside the front door, and the rest of us were mopping upstairs, cleaning tables and giving the staff toilet and stock room the once over.",0,0,0,0,0,0,[],eng,train,0
eng_train_track_a_00046,i definitely ended up with a plastic burn on my elbow.,0,0,1,0,0,0,['fear'],eng,train,0
eng_train_track_a_02093,ugh so today i found out that some people have been talking shit abou tme behind my back.,1,0,1,0,1,1,['anger' 'fear' 'sadness' 'surprise'],eng,train,0
eng_train_track_a_00008,my stomach even started giving me fits.,0,0,1,0,1,0,['fear' 'sadness'],eng,train,0
eng_train_track_a_02706,see my thumbs.,0,0,0,0,0,0,[],eng,train,0
eng_train_track_a_01173,we cleaned up another 15-20 litres of wine and finished up by the boys lifting the flagon to my mouth while i sculled the last litre or so.,0,0,0,1,0,0,['joy'],eng,train,0
eng_train_track_a_01569,i was on a (admittedly silly) adrenaline rush.,0,0,1,1,0,1,['fear' 'joy' 'surprise'],eng,train,0
eng_train_track_a_00257,his last days were spent in a cone.,0,0,0,0,1,0,['sadness'],eng,train,0
eng_train_track_a_02567,all of the sudden i hear both of them scream bloody murder.,0,0,1,0,0,1,['fear' 'surprise'],eng,train,0
eng_train_track_a_00265,i stopped a couple times to stretch out my calves and quads.,0,0,0,0,0,0,[],eng,train,0
eng_train_track_a_02331,but he intrigued me.,0,0,0,1,0,1,['joy' 'surprise'],eng,train,0
eng_train_track_a_02066,"i get cramps and aches in my shoulders when i'm even minutely out of position, just imagine what it's going to be like with a completely different seating system, not to mention an entirely new drive mechanism.",0,0,1,0,0,0,['fear'],eng,train,0
eng_train_track_a_00086,we locked our door and kept our lights on the whole night and just watched movies until dawn.,0,0,1,0,0,0,['fear'],eng,train,0
eng_train_track_a_01694,anyway it was weird.,0,0,1,0,0,1,['fear' 'surprise'],eng,train,0
eng_train_track_a_01650,"i went to the clinic and got looked over and to my amazement, after they swabbed my throat, they didn't find any strep bacteria, even though my throat is really red.",0,0,1,0,0,1,['fear' 'surprise'],eng,train,0
eng_train_track_a_01884,which means i was not picking up my feet!,0,0,0,0,0,0,[],eng,train,0
eng_train_track_a_02103,"finally facing life responsibilities again, but my head still was on vacation.",0,0,1,0,0,0,['fear'],eng,train,0
eng_train_track_a_00202,"not moving, not menacing.",0,0,1,0,0,0,['fear'],eng,train,0
eng_train_track_a_01531,"in the single worst moment of 21.5 years, six martinis errupted from my mouth.",0,0,1,0,1,0,['fear' 'sadness'],eng,train,0
eng_train_track_a_01168,"the room was small but brightly lit and i sat on a two-seater couch facing the counselor across the room, as opposed to lounging on my back while staring at the ceiling with the lights dimmed.so what did i learn?",0,0,0,0,0,0,[],eng,train,0
eng_train_track_a_01949,"there's so much going through my head now, but somethings just can't be said.",0,0,1,0,1,0,['fear' 'sadness'],eng,train,0
eng_train_track_a_00567,i shall now write an abridged version of the second chapter: chapter 2 i blinked and rubbed my eyes.,0,0,0,0,0,0,[],eng,train,0
eng_train_track_a_00932,"it never freaked me out, because it happened enough as i was small and i got used to it.",0,0,1,0,0,0,['fear'],eng,train,0
eng_train_track_a_01679,brighter than if you turned on every light in the room and even brighter than during the day time with the shades up.,0,0,0,0,0,1,['surprise'],eng,train,0
eng_train_track_a_01987,3rd i really don't know... any of the main characters really..,0,0,1,0,0,0,['fear'],eng,train,0
eng_train_track_a_02604,the sun hung high in the deep blue sky as a slight ocean breeze ticked my face.,0,0,0,1,0,0,['joy'],eng,train,0
eng_train_track_a_01408,it's too late.,0,0,1,0,1,0,['fear' 'sadness'],eng,train,0
eng_train_track_a_00093,"needless to say, i turned her down.",0,0,0,0,0,0,[],eng,train,0
eng_train_track_a_00904,my arms start getting numb and achy and no way to lie makes them stop.,0,0,1,0,1,0,['fear' 'sadness'],eng,train,0
eng_train_track_a_01859,"i stopped for water at the rest stops and got doused with a hose, which was very pleasant except my shoes got drenched so i was running with heavy sponges on my feet for the last two miles.",0,0,1,0,0,0,['fear'],eng,train,0
eng_train_track_a_01609,this sucks...sorry dude.,1,0,0,0,1,0,['anger' 'sadness'],eng,train,0
eng_train_track_a_02492,"my grandma used to do a ""magic trick"" that to this day i can't explain.",0,0,0,1,0,1,['joy' 'surprise'],eng,train,0
deu_train_track_a_01415,"die schlimmste vielleicht ein paar monate, mittel- / leichtschlimm - ca. 20-25 jahre. glücklich und zufrieden bin trotzdem nicht.",0,0,0,0,1,0,['sadness'],deu,train,0
deu_train_track_a_00414,"ma gewöhnt sich dran 😉. aber danke, dass du dir gedanken machst! liebe grüße, nicki 😙👋",0,0,0,1,0,0,['joy'],deu,train,0
deu_train_track_a_00002,"du warst bestimmt schon in verschiedenen ländern, wenn du dich sowas einfach traust. wo würdest du die erfahrung im irak auf einer rangliste einordnen? wie war das essen? wie viel geld hast du ausgegeben? waren viele touristen unterwegs?",0,0,0,0,0,0,[],deu,train,0
deu_train_track_a_01990,puhh das klingt echt nach viel arbeit. da gehe ich lieber weiter die todesanzeigen durch und streiche diejenigen aus dem telefonbuch.,0,0,0,0,1,0,['sadness'],deu,train,0
deu_train_track_a_00659,"in deutschland rechte bekämpfen und in israel eine rechts-religiöse regierung unterstützen, genau mein humor 👏😂",1,0,0,0,0,0,['anger'],deu,train,0
deu_train_track_a_00815,> auch kommt mal wieder die frage auf ob mein kompletter kontaktabbruch zu hart war.   nein. war das einzig richtige.,0,0,0,0,0,0,[],deu,train,0
deu_train_track_a_00755,lauterbach hat keine vernünftige erklärung. vielleicht einfach mal ehrlich sein?,1,0,0,0,0,0,['anger'],deu,train,0
deu_train_track_a_00865,ihr motto ist vermutlich wein für mich und wasser für den pöbel,1,1,0,0,0,0,['anger' 'disgust'],deu,train,0
deu_train_track_a_00882,hol dir unterstützung von leuten die sich mit sowas auskennen: wie schlecht das leben deiner frau ist. es ist kein grund dich mit so runter zu ziehen und die punkte die du nennst sich wirklich sachen die man keiner person antut. vorallem der person mit der man zusammen ist,0,0,0,0,1,0,['sadness'],deu,train,0
deu_train_track_a_01290,jahrelange unterdrückung des palästinensischen volkes im eigenen land ist der ausschlaggebende punkt.  berichtet auch mal über die toten kleinkinder in gaza #doppelmoral,1,1,0,0,0,0,['anger' 'disgust'],deu,train,0
deu_train_track_a_00131,"letzebuerger magier gin op beauxbatons gescheckt, nett hogwarts.",0,0,0,0,0,0,[],deu,train,0
deu_train_track_a_02183,deswegen kann man trotzdem minderheiten öffentlich respekt und nächstenliebe zollen.,0,0,0,0,0,0,[],deu,train,0
deu_train_track_a_01697,der zweite backprint ist verrückt abee farbe mag ich dunkler wäre besser,0,0,0,0,0,0,[],deu,train,0
deu_train_track_a_00306,"der internationale gerichtshof fordert von israel maßnahmen zu ergreifen um genozid zu verhindern.   israel reagierte, indem es allein in den letzten 24 stunden 484 palästinensische zivilisten tötete und verletzte.",1,1,0,0,1,0,['anger' 'disgust' 'sadness'],deu,train,0
deu_train_track_a_00006,hamas wird wie immer die feuerpause brechen. die wollen keinen frieden.,1,1,0,0,0,0,['anger' 'disgust'],deu,train,0
deu_train_track_a_01869,"wow. ich war genau wie deine freundin, vor einigen jahren. krankhafte eifersucht ist super toxisch, ganz schlimm für einen selber und natürlich auch den oder die partner*in. es tut mir leid für euch beide und ich wünsch euch, wenn ihr euch liebt, dass die beziehung nicht daran zerbricht. aber dafür muss sie an sich arbeiten. versuch ihr irgendwie klar zu machen, dass es so nicht weitergeht. vielleicht sieht sie ein, dass sie hilfe braucht, eine therapie vielleicht. sag ihr ganz ehrlich, wie du dich damit fühlst und dass es dich und deine liebe zu ihr kaputt macht. und wenn sich nichts ändert, dann kannst du eigentlich nur das weite suchen. alles liebe euch!",0,1,0,0,1,0,['disgust' 'sadness'],deu,train,0
deu_train_track_a_01117,"erpresser formulieren das wie folgt. « wir töten so lange gezielt unschuldige zivilisten, frauen und kinder, begehen kriegsverbrechen, bis ihr die geiseln freigelassen habt. » #israel #gaza",1,1,0,0,1,0,['anger' 'disgust' 'sadness'],deu,train,0
deu_train_track_a_01688,häufiger.  grade wenn mir auffällt dass ich meinen punkt nicht gut ausformuliert kriege oder doch keinen bock auf diskussion habe,0,0,0,0,0,0,[],deu,train,0
deu_train_track_a_00284,wegen herz aber jetzt passt eh alles wieder,0,0,0,0,0,0,[],deu,train,0
deu_train_track_a_00703,"überwiegend am telefon, aber auch anfragen per chat, mail, brief, fax, whatsapp, facebook, twitter - eigentlich über so ziemlich jedes erdenkliches medium. meine themenschwerpunkte war netztechnik, handy-internet und handy-defekte.  wollt ihr dazu irgendwas wissen?",0,0,0,0,0,0,[],deu,train,0
deu_train_track_a_01132,"der text ging mir gerade richtig durch mark und bein.  danke op, das war verdammt intensiv zu lesen!",0,0,0,0,1,0,['sadness'],deu,train,0
deu_train_track_a_00481,"jetzt noch ein schild mit der aufschrift ""ob ihr alle dumm seid hab ich gefragt?"" in schriftgröße 48 und rot drunterhängen.",1,0,0,0,0,0,['anger'],deu,train,0
deu_train_track_a_00560,"schau mal, ob du bei der übergeordneten behörde (vermutlich schulamt) etwas erreichen kannst und lass bei dem schulleiter durchblicken, dass du dort dienstaufsichtsbeschwerde einlegen wirst. ob es was bringt? keine ahnung, aber habe mal gehört, dass sich so etwas in der personalakte von beamten gar nicht gut macht.  edit: vielleicht hilft es ja, mit einer vertrauensperson, am besten jemand, der etwas autorität ausstrahlt, nochmals bei ihm vorzusprechen. möglich, dass er dann nicht so ein unmögliches verhalten an den tag legt, wenn ein zeuge dabei ist. wünsche dir alles gute und dass es mit dem studium klappt.",0,1,0,0,0,0,['disgust'],deu,train,0
deu_train_track_a_02507,"vielleicht hört es dann auch jetzt auf, deren militär als super vertrauenswürdige quelle zu nutzen lmao",1,0,0,0,0,0,['anger'],deu,train,0
deu_train_track_a_01727,du schmeißt euren gemeinsamen haushalt und thematisierst es nun des lieben friedens willen nicht mal mehr - wie praktisch für ihn. offensichtlich will er weiterhin nichts tun. möchtest du so mit ihm zusammenleben? tu dir selbst den gefallen und lebt in getrennten wohnungen.,1,1,0,0,1,0,['anger' 'disgust' 'sadness'],deu,train,0
deu_train_track_a_02347,gute nachricht. russland darf diesen krieg nicht gewinnen.,0,0,0,1,0,0,['joy'],deu,train,0
deu_train_track_a_00692,"ich habe das auch mal abgesetzt, weil ich was anderes bekommen habe und vorher venlafaxin raus sein musste.   ich habe das unter ärztlicher aufsicht langsam ausgeschlichen, also die dosis über einen längeren zeitraum immer weiter verringert. dann sollte das keine großen probleme geben. von heute auf morgen einfach nicht mehr nehmen wird schief gehen und absetzsymptome hervor rufen.   ich hatte dabei keine anderen probleme, als das mir halt die stimmungsaufhellende wirkung gefehlt hat.",0,0,0,0,0,0,[],deu,train,0
deu_train_track_a_01097,"!""schatz, ich habe aktien gekauft!:wie sie die angst vor der börse verlieren und ihr geld vermehren """,0,0,0,0,0,0,[],deu,train,0
deu_train_track_a_02327,in wahrheit ist es ein echtes modell das einfach nur eingeschneit ist,0,0,0,0,0,0,[],deu,train,0
deu_train_track_a_00570,"moment mal, putin hat in der vergangenheit ständig verhandlungen angeboten! die ukraine hat abgelehnt ‼️",1,0,0,0,0,0,['anger'],deu,train,0
deu_train_track_a_00046,"australien trägt ganz erheblich zum klimaschutz bei, indem man die migration kontrolliert es macht keinen sinn, unkontrolliert menschen aus entwicklungs- in industrieländer ziehen zu lassen, wo ihr co2 abdruck viel höher ist seenotretter sind für den klimawandel mitverantwortlich",0,1,0,0,0,0,['disgust'],deu,train,0
deu_train_track_a_01662,"danke kann auch sexy,  nicht nur porno oder hardcore........ freut mich das es dir gefällt...",0,0,0,1,0,0,['joy'],deu,train,0
deu_train_track_a_00382,das muss man sich einmal vorstellen meinem bekannter ist mit kündigung vom arbeitgeber gedroht worden weil er für die afd ist. was ist los in unserem land das so etwas passiert.,1,1,0,0,1,0,['anger' 'disgust' 'sadness'],deu,train,0
deu_train_track_a_00740,"viel erfolg dabei, bahn wieder gnadenlos überfordert, wer hätte gedacht dass heute so viele leute bahn nutzen wollen 🌚",1,1,0,0,0,1,['anger' 'disgust' 'surprise'],deu,train,0
deu_train_track_a_01136,"ich habe (vor der schwangerschaft und auch einmal währenddessen) mit harnwegsinfekten zu kämpfen gehabt, mein et ist aber erst im herbst. bei mir hat der entbindungsmodus in puncto blasenentzündungen bisher keine rolle gespielt. man hat mir lediglich geraten, im falle eines kaiserschnitts rechtzeitig darauf hinzuweisen, damit der blasenkatheter nicht so lange drin bleibt.  ansonsten helfen mir übungen für den beckenboden.",0,0,0,0,0,0,[],deu,train,0
deu_train_track_a_01815,jede männliche person auf dieser welt ist so hart belastend,1,1,0,0,0,0,['anger' 'disgust'],deu,train,0
deu_train_track_a_02154,schlimmer. ich hör ihn heulen bis in den bergischen kreis.,0,0,0,0,1,0,['sadness'],deu,train,0
deu_train_track_a_01547,"interessantes ama, danke dafür.  wie meisterst du den alltag? wie oft kommt es zu einer derealization? bester erfahrung bisher? lustigste erfahrung bisher? schlimmste erfahrung bisher?  kann man dagegen etwas tuen? z.b. training/therapie oder ähnlich?",0,0,0,0,0,0,[],deu,train,0
deu_train_track_a_02341,"präsident zelensky spricht diese woche bei einer veranstaltung in texas mit ex-us-präsident bush. und ich dachte, mit kriegsverbrechern, die andere länder überfallen, spreche zelensky nicht. bush hat den tod von millionen irakern zu verantworten.",1,1,0,0,0,0,['anger' 'disgust'],deu,train,0
deu_train_track_a_02033,bezahlen die gut ?,0,0,0,0,0,0,[],deu,train,0
deu_train_track_a_02381,wie ging es euch mit der übelkeit? wann hat die bei euch eingesetzt bzw. wie lange gedauert? ich bin in ssw 8 und möchte mich nur vergewissern das ich hier nicht zur ausnahme gehöre. bei den meisten beginnt die übelkeit doch schon wesentlich früher?,0,0,1,0,0,0,['fear'],deu,train,0
deu_train_track_a_01070,"hab schon im job mit kacke zu tun, brauch die schlumpfkacke von euch nicht noch drauf.  #afdsindfaschisten #afdmachtdumm #afdverbotjetzt",1,1,0,0,0,0,['anger' 'disgust'],deu,train,0
deu_train_track_a_01131,"auf keinen fall!  ich befürchte, du hast mich falsch verstanden 😅",0,0,0,0,0,1,['surprise'],deu,train,0
deu_train_track_a_01612,"gott stehe uns bei! bislang waren wir ""nur"" am verarmen, was kommt jetzt noch alles auf uns zu?!",0,0,1,0,0,0,['fear'],deu,train,0
deu_train_track_a_01753,"wenn du den rest auch noch heimlich entsorgen kannst, hat es die dose vielleicht nie gegeben.",0,0,0,0,0,0,[],deu,train,0
deu_train_track_a_02089,"meine mutter hat an ihrer badtür im lichtschalter eine kleine led-lampe. und wollte letztens, dass ich sie ausbaue, um strom zu sparen.  sie, die das abendessen vormittags kocht, weil sie abends immer so müde ist. und dann lässt sie die töpfe den ganzen tag auf der aktivierten herdplatte stehen, damit es bis abends nicht auskühlt. also nur so auf stufe 1-2.",0,1,0,0,0,0,['disgust'],deu,train,0
deu_train_track_a_02222,nicht vergessen:moore speichern ungleich mehr co2 als wälder. und brennende bäume emittieren auch co2. life is sometimes difficult!,0,0,0,0,1,0,['sadness'],deu,train,0
deu_train_track_a_01170,ironischerweise hat der ältere herr mehr für sein land geleistet als der braun-uniformierte affe neben ihm....,1,1,0,0,0,0,['anger' 'disgust'],deu,train,0
deu_train_track_a_01015,"mein eindruck ist, hier in deutschland herrscht eine merkwürdige auffassung von antisemitismus. kritik an israel und dessen politik ist kein antisemitismus. auch israel hat keinen blancocheck für grenzenlose gewalt.",1,1,0,0,0,1,['anger' 'disgust' 'surprise'],deu,train,0
deu_train_track_a_01653,"ich fühl dich, mistafistakanista. finde es stark von dir, dass du hier schreibst. und auch, dass du ne therapie machst. ich bin zur zeit in diesen 2 jahen sperrzeit zwischen therapien und ich frag dich, weil ich denke du kannst das nachvollziehen und vielleicht nen tipp hast oder auch einfach wie du damit umgehst, falls du das auch kennst: diese gefühle von unsicherheit und angst ob der scheiß irgendwann aufhört, also besser wird, meine ich. so dass man iwann nicht mehr mit diesen dämonen, den folgen oder symptomen oder wie auch immer man das nennen will so zu kämpfen hat. kennst du das auch? wie gehst du damit um?",0,0,1,0,1,0,['fear' 'sadness'],deu,train,0
deu_train_track_a_00549,ich habe drehbücher für verschiedene scripted-reality-formate geschrieben (z.b. niedrig und kuhnt - kommissare ermitteln).,0,0,0,0,0,0,[],deu,train,0
deu_train_track_a_01083,"ich habe während der ganzen kinderwunschphase keinen alkohol getrunken, ebenso mein mann, da alkohol auch die fruchtbarkeit verringern kann.  meine frauenärztin sagte auch, dass man nicht schon vor nem positiven test darauf verzichten muss, ich habe mich aber deutlich wohler so gefühlt.",0,0,0,1,0,0,['joy'],deu,train,0
deu_train_track_a_00936,"das ist so was, da bin ich kurz vorm schwach werden, nach 32 jahren vegetarismus.",0,0,0,0,0,0,[],deu,train,0
deu_train_track_a_01976,"was an heuchelei und widerwärtigkeit nicht zu übertreffen ist ist der umstand, dass lieber care-pakete aus der luft für zum tode verurteilte menschen abgeworfen werden statt die waffenlieferung an den armeestaat israel einzustellen bzw. diese perfiden psychopathen zur rechenschaft zu ziehen…und das alles sehenden auges in der heute so zivilisierten welt.",1,1,0,0,1,0,['anger' 'disgust' 'sadness'],deu,train,0
deu_train_track_a_01217,„free palestine“ ist das neue heil hitler.  #israel #hamas #gaza,1,1,0,0,0,0,['anger' 'disgust'],deu,train,0
deu_train_track_a_01418,"angst zu haben ist normal. die hat jeder. deswegen ist es sehr mutig von dir, dass du diesen schritt gewagt hast!",0,0,0,1,0,0,['joy'],deu,train,0
deu_train_track_a_01409,es sind nicht nur ukrainische kinder betroffen. auch kinder anderer nationalitäten bekommen oft nicht zeitnah einen platz in der schule. trotz schulpflicht.,0,0,0,0,1,0,['sadness'],deu,train,0
deu_train_track_a_01470,"moin, hat hier jemand ein paar heiße tips für online-wunschlisten abseits von amazon?   wir wollen in ein paar wochen unseren familien vom nachwuchs erzählen und weil gerade *meine* eltern ein ganz besonderes talent dafür haben uns ausnahmslos nutzlosen kram aufzudrücken, hätten wir auf ""wir schenken euch dann beizeiten x"" gern direkt eine liste parat um dem vorzubeugen. am besten eine wo der jeweilige schenker direkt sachen wieder runternehmen/kennzeichnen kann, damit nichts doppelt ist.",0,0,0,0,0,0,[],deu,train,0
deu_train_track_a_00280,find dich geilste maus unter der sonne,0,0,0,1,0,0,['joy'],deu,train,0
deu_train_track_a_00235,erinnert leicht an die leviathan aus supernatural :),0,0,0,1,0,0,['joy'],deu,train,0
deu_train_track_a_01855,">meine familie fühlt sich, vermutlich zurecht, hintergangen und ich werde jetzt wohl ausziehen. finanziell geht das, selbst nach corona zum glück. es war etwas hart von meiner mutter als ""nicht mehr ihr sohn"" bezeichnet zu werden während sie mir impfgegner tiraden an den kopf wirft. (die geratest hits waren anzeige wegen verleumdung wofür auch immer, vergleiche von sich mit kz insassen und ""ich will lieber an corona sterben als an der impfung"" geil ) montag mache ich einmal die runde: bank, anwalt (empfehlungen für einen im raum karlsruhe), gesundheitsamt. falls es sich danach lohnt mache ich nochmal einen post.  noch sein edit vom letzten post.",0,1,0,0,1,0,['disgust' 'sadness'],deu,train,0
deu_train_track_a_00930,"mein therapeut meinte man könne 2 jahre nach ablauf neue stunden beantragen (wenn ich mich richtig erinnere). während diesem zeitraum habe ich 2 stunden pro quartal, weiß aber nichts genaues darüber als was das abgerechnet wird oder wie das funktioniert. ist also nur meine erfahrung.",0,0,0,0,0,0,[],deu,train,0
deu_train_track_a_00665,danke für den song,0,0,0,1,0,0,['joy'],deu,train,0
deu_train_track_a_00737,leute die wirklich um karin ritter trauern wtf,0,1,0,0,0,1,['disgust' 'surprise'],deu,train,0
deu_train_track_a_02597,"ist es wirklich wieder so ein pest oder cholera szenario wie mit hillary? ist trump vielleicht doch ein toller präsident? hat ein großteil der amerikanischen bevölkerung den schuss nicht gehört?  ich bin gleichermaßen verwirrt und verängstigt, dass trump wieder gewählt werden könnte.",0,0,1,0,0,1,['fear' 'surprise'],deu,train,0
deu_train_track_a_00266,"ich wollte noch frühstücken, dann aber mal gesund lieber die kohlbirne.",0,0,0,0,0,0,[],deu,train,0
deu_train_track_a_00929,"tee wird nicht empfohlen? kenn ich so gar nicht. ich trinke ständig tee (in maßen).  ansonsten finde ich fertigessen super, wenn sie nicht viel machen darf. fertigsuppen im glas, heiße schokolade oder muffins die man in einer tasse machen kann (selber gemacht oder bei dm), selbstgekochtes essen, snacks.   für kind und mama: man weiß natürlich nicht, was sie schon haben, aber mir fallen ein - bilderbücher - puzzles altersgerecht - tonie für tonies box, falls vorhanden",0,0,0,1,0,1,['joy' 'surprise'],deu,train,0
deu_train_track_a_02366,"mein mann hat mir bei unserem 10-jährigen jubiläum eine kette mit einem herzmedaillon geschenkt, mit einer eingravierten 10 und einem bild von uns drin. trage ich jahre später immer noch gerne, hat mich mega gefreut. ansonsten machen wir immer das gleiche, essen gehen und kino... sind da nicht allzu anspruchsvoll und mir persönlich war das lieber als irgendetwas großes :) ich weiß nicht, was sie gerne mag, aber ein entspannter tag zu zweit in der sauna o.ä. klingt doch schön :)",0,0,0,1,0,0,['joy'],deu,train,0
deu_train_track_a_02496,"eit wann sehen terroristen aus wie kinder und babys? wer hat die hamaz gegründet? warum stellen sich viele israelis gegen diesen mann? deutsche medien berichten so einseitig. es ist eine schande, was da passiert!",1,1,0,0,1,0,['anger' 'disgust' 'sadness'],deu,train,0
deu_train_track_a_00050,"hör dir mal den podcast von die linguistin an, die hat sehr hilfreiche tipps! die episode hier habe ich noch nicht gehört, aber mir mal gespeichert, weil ich ähnliches überlege. vielleicht hilft dir das ja weiter! gibt es aber noch eine menge anderer interessanter folgen.",0,0,0,1,0,0,['joy'],deu,train,0
deu_train_track_a_00401,israel begeht seit viele jahrzehnten verbrechen auch gegen un-konventionen und wird nicht dafür bestraft!,1,0,0,0,0,0,['anger'],deu,train,0
deu_train_track_a_01288,"huhu schön das du hier schreibst. mir selbst geht es auch oft so. da muss man sich total zwingen was zu tun. das gute ist nach einen runter kommt wieder ein hoch - also das wird schon.  manchen hilft es auch sich eine art zeitlimit zu setzen, 2 tage und dann geht's weiter. liebe grüße und viel energie sende ich dir :) (:",0,0,0,1,0,0,['joy'],deu,train,0
deu_train_track_a_01134,du kannst gut mit geld wenn du viel davon hast,0,1,0,0,0,0,['disgust'],deu,train,0
deu_train_track_a_00990,"die frage geht gar nicht, da schwillt mir so derartig der kamm! bei mir/uns kam die sogar innerhalb der familie. nein, das ist reiner zufall, dass wir beide, mitte 30, letztes jahr geheiratet haben und in eine größere wohnung gezogen sind und jetzt total erstaunlicher weise schwanger geworden sind (nicht, dass man das alles machen muss, aber hello captain obvious?) die waren nicht überrascht oder so, die waren regelrecht schockiert!",1,0,0,0,0,1,['anger' 'surprise'],deu,train,0
deu_train_track_a_01500,sozialistische perspektive schön und gut aber was wenn ich dir sage dass das himmlische jerusalem quasi zum greifen nahe ist????,0,0,0,0,0,0,[],deu,train,0
deu_train_track_a_02447,"für das klima den öpnv lahmlegen, damit alle auto fahren. genau mein humor. aber vielleicht denke ich einfach nicht sozialistisch genug.",1,0,0,0,0,0,['anger'],deu,train,0
deu_train_track_a_01599,"die, die es bereuen könnten, sind tot.",0,0,0,0,1,0,['sadness'],deu,train,0
deu_train_track_a_00314,"ich hatte überhaupt keine auswahl. ich werde ein sommerbaby haben und viele hebammen sind schon weg oder gehen in den sommerurlaub. die hebammenzentrale hat mir geholfen eine hebamme zu finden, die außer stadt ihre praxis hat, wo ich dann ein paar mal zu ihr fahren soll. sie unterstützt mich dann im wochenbett für 2-3 wochen und danach übernimmt ihre kollegin. ich habe keine indikatoren, was eine gute hebamme ist, weil das meine erste schwangerschaft ist. ich freue mich einfach so sehr darüber, dass ich eine hebamme überhaupt gefunden habe.",0,0,0,1,0,0,['joy'],deu,train,0
deu_train_track_a_02233,"hallo du, dein text klingt furchtbar schwer, so sehr, dass ich gar nicht weiß, wie ich meine gedanken dazu in worte packen soll.  du hast offenbar schon vieles erlebt, was deinen lebensmut sehr belastet hat und dadurch bist du offenbar schwer depressiv geworden. das ist furchtbar.  aber, ja natürlich kommt ein aber, du wirst sterben irgendwann, so wie jeder von uns. und dein leben kannst du, so wie jeder von uns, zu jeder zeit beenden. ruf jetzt den krankenwagen und verschiebe die entscheidung in die zukunft.",0,0,1,0,1,0,['fear' 'sadness'],deu,train,0
deu_train_track_a_02103,oki gut ^-^ idk vlt hab ich auch verkackt is doch egal,0,0,0,1,0,0,['joy'],deu,train,0
deu_train_track_a_00778,ihr seid auf klassenfahrt/ferienfreizeit/etc. und dürft für morgens einen song auswählen mit dem über die hausanlage geweckt wird. welcher song ist es?,0,0,0,1,0,0,['joy'],deu,train,0
deu_train_track_a_02067,"ja, bei mir war die ganze schwangerschaft über alles ok, bis ca. zur 36. ssw. dann hieß es: zu wenig fruchtwasser, zu wenig gewicht, ctg auffällig, beckenendlage ich wurde dann engmaschiger kontrolliert und es wurde ein kaiserschnitt bei 38+0 gemacht. während der op meinte die ärztin, das war doch nicht so wenig fruchtwasser:) mein baby ist kerngesund. wünsche euch alles gute, ihr habt es fast geschafft! zum ende hin ist etwas weniger fruchtwasser wohl relativ normal (hab mich kaputt gegoogled) und wenn es drastisch zu wenig wäre, hätte deine gyn schon reagiert!",0,0,0,1,0,0,['joy'],deu,train,0
deu_train_track_a_01695,"ich danke euch allen, dass ihr euch die zeit genommen habt meinen beitrag zu lesen und danke euch für eure beiträge und ratschläge. es tut gut zu wissen, dass man nicht der einzige mit derlei problemen ist, obwohl mir das natürlich auch davor klar war.  ich antworte noch direkt auf einen beitrag bevor ich es vergesse und schreibe dann noch etwas für alle.",0,0,0,1,0,0,['joy'],deu,train,0
deu_train_track_a_01443,"danke für den hinweis! bisher hatte ich noch nichts von ihm gehört, aber respekt.",0,0,0,1,0,0,['joy'],deu,train,0
deu_train_track_a_00934,danke für dein ama! es ist spannend zu lesen wie du die arbeit erlebst.   glaubst du deine männlichen kollegen verhalten sich anders wenn eine frau mit auf der baustelle ist oder nehmen sie keine gesonderte rücksicht wenn du dabei bist?,0,0,0,1,0,0,['joy'],deu,train,0
deu_train_track_a_00597,"wie kam es dazu, dass dein vater mit dir zusammen gearbeitet hat?    hat es eure beziehung gestärkt oder geschwächt?",0,0,0,0,0,0,[],deu,train,0
deu_train_track_a_02175,schöne geile schnecke,0,0,0,1,0,0,['joy'],deu,train,0
deu_train_track_a_01449,"irgendwo mal gelesen: ""stop hoping for a better past.""  als jemand, der an großen teilen seiner jugend und adoleszenz echt knabbert und sich wünscht, dass vieles anders gelaufen wäre, hat der spruch den nagel auf den kopf getroffen.",0,0,0,0,1,0,['sadness'],deu,train,0
deu_train_track_a_01857,"das kommt mir irgendwie komisch vor. kommt das so aus dem nichts? ohne vorgeschichte? sie und ihr freund sind ja auch nicht erst seit gestern zusammen und dich kennt sie schon ihr leben lang. da muss irgendwas anderes im argen sein, was aufgearbeitet gehört. vielleicht kann da wer vermitteln? eure eltern z. b.?",0,0,0,0,0,1,['surprise'],deu,train,0
deu_train_track_a_02568,"okay, hier ist die sache: wenn dein freund hinter deinem rücken schlecht über dich redet und das auch noch leugnet, dann haben wir ein echtes problem. in einer beziehung geht's um respekt und vertrauen, und das scheint hier zu fehlen. du hast schon den ersten richtigen schritt gemacht, indem du ihm gesagt hast, dass du zeit brauchst. jetzt musst du ernsthaft überlegen, ob du mit jemandem zusammen sein willst, der dich nicht unterstützt und vor anderen runtermacht. echte liebe baut einen auf, macht einen nicht klein. überlege dir gut, ob das wirklich die art von beziehung ist, die du führen möchtest.",1,0,0,0,1,0,['anger' 'sadness'],deu,train,0
deu_train_track_a_00995,"es ist immer wieder faszinierend, was für ein höllentor sich bei x öffnet, wenn man über putin etwas schreibt. sollte dies in kombination mit tucker carlson passieren und auch das kritisch ausfallen, sind die pöbeleien der 🇩🇪-flaggen-accounts, „ich bin ungeimpft!!!“-stolzen und extrem männlichen afd-anhängern tausendfach hier unterwegs. die wut, der hass und die komplette verrottung der sprache sollte uns allen sorgen machen.",0,1,1,0,1,0,['disgust' 'fear' 'sadness'],deu,train,0
deu_train_track_a_00092,hat wer bock auf unranked casual?,0,0,0,0,0,0,[],deu,train,0
deu_train_track_a_02194,hör auf dein bauchgefühl! mega unangenehm ständig mit so etwas konfrontiert zu werden. du kannst dich so nie sicher fühlen in der beziehung.,0,1,1,0,0,0,['disgust' 'fear'],deu,train,0
deu_train_track_a_00287,israel muss sofort gestoppt werden und der genozid treiber netanjhu für immer hinter gittern,1,1,0,0,0,0,['anger' 'disgust'],deu,train,0
deu_train_track_a_02509,"free the hostages! ohne geiseln, keinen krieg! keiner außerhalb israel, spricht über die taten der hamas, oder erwähnt die geiseln, die noch bis heute, 150 tage, in geiselnahme sind! 🇮🇱🇮🇱🇮🇱",1,1,0,0,1,0,['anger' 'disgust' 'sadness'],deu,train,0
deu_train_track_a_00987,"verstehe den ersten satz nicht, aber stimme dir beim rest auf jeden fall schon mal zu!",0,0,0,0,0,0,[],deu,train,0
deu_train_track_a_02009,"mach ich, danke dir!",0,0,0,1,0,0,['joy'],deu,train,0
deu_train_track_a_00347,ja zum glück,0,0,0,1,0,0,['joy'],deu,train,0
deu_train_track_a_02285,"befremdlich. warum traut sie sich, in einer situation, in der die grünen permanent an zustimmung verlieren, so eine anstandslosigkeit zu zeigen? was weiß die regierung?",1,0,0,0,0,0,['anger'],deu,train,0
deu_train_track_a_01260,baguette heist einfach stab  das brot heist in wirklichkeit baguette de pain (wird glaube ich anders geschrieben aber ich binn gerade zu faul die umlaute auf meiner tastatur zu suchen die es braucht),0,0,0,0,0,1,['surprise'],deu,train,0
deu_train_track_a_00791,"lustig, dass fff meint, für eine gesamte generation sprechen zu können.",0,1,0,0,0,0,['disgust'],deu,train,0
deu_train_track_a_01882,"also dafür, dass das allws nur show ist, ist es ne ziemlich gute und unterhaltsame show. und die stimmung live scheint ja bombastisch zu sein!",0,0,0,1,0,0,['joy'],deu,train,0
deu_train_track_a_00268,"das bricht mir beim lesen irgendwie das herz. mein größtes mitgefühl. mir persönlich hat tatsächlich nur eine neue liebe geholfen (beziehungsende nach knapp 6 jahren). inwieweit ich das jedoch explizit empfehlen würde - schwierig. wenn es passiert, passiert es, aber eigentlich ist dein ansatz viel besser. freunde, familie, umschulung, fokus auf sich selbst. ich wünsche dir viel kraft.",0,0,0,0,1,0,['sadness'],deu,train,0
deu_train_track_a_01124,wie kann man sich nur so hart gönnen?,0,0,0,0,0,1,['surprise'],deu,train,0
deu_train_track_a_02465,"die ukr gehört ganz klar in die nato & eu. danke, dass sie unermüdlich den politischen druck auf scholz aufrechterhalten mit dem ziel #taurusforukraine #armukrainetowin. ru muss in der ukr besiegt werden. alles andere ist gefährliches wunschdenken, denn #russiaisaterroriststate.",1,1,1,1,0,0,['anger' 'disgust' 'fear' 'joy'],deu,train,0
deu_train_track_a_02291,"wow, warum brauchen wir eine umfrage, wenn die regierung eh macht was es will? wir gehen seit monaten auf die straße und was passiert? nichts, der genozid wird schön weiter von deutschland unterstützt!!",1,1,0,0,1,0,['anger' 'disgust' 'sadness'],deu,train,0
deu_train_track_a_01092,"die zukunft ist umweltfreundlich, bunt und offen!",0,0,0,1,0,0,['joy'],deu,train,0
deu_train_track_a_02137,in der unistadt den 1. job zu finden und zu bleiben während alle anderen weggehen fühlt sich auch seltsam an.  ging mir damals so in kiel.,0,0,0,0,1,0,['sadness'],deu,train,0
deu_train_track_a_01515,und warum regnet es schon wieder? hab ich nicht bestellt! 😠😠 also wird aus dem sonntag ein betttag! 3x t sieht irgendwie falsch aus! 🤔🤔,1,0,0,0,0,0,['anger'],deu,train,0
deu_train_track_a_01061,"wann werden diejenigen, die gegen waffenlieferungen an die ukraine zur selbstverteidigung sind, auch fordern, dass russland – das land, das diesen krieg begonnen hat – keine waffen oder waffenteile mehr erhält? denn ohne waffenlieferungen an russland würde dieser krieg nicht fortbestehen.",1,0,0,0,0,0,['anger'],deu,train,0
deu_train_track_a_01156,ich verstehe das nicht. deutschland müsste diese zahlungen sofort einstellen. sonst soll sich kein politiker nochmal dahin stellen und solidarität mit israel heucheln.,1,1,0,0,0,1,['anger' 'disgust' 'surprise'],deu,train,0
deu_train_track_a_02390,"dafür weißt du, was romantik ist. ☝️",0,0,0,1,0,0,['joy'],deu,train,0
deu_train_track_a_00157,"ich hab alles gegessen außer rohes fleisch, rohen fisch, rohe eier, rohmilchprodukte, belegte semmeln vom bäcker (haben mich geekelt) und abgepackte sachen wie obst vom rewe oder fertige salate. salat aus dem restaurant, mc.d, döner, pizza, eis - hab ich ohne mit der wampe zu zucken reingehauen. natürlich hab ich mich aber sonst weitestgehend gesund ernährt ;)",0,0,0,1,0,0,['joy'],deu,train,0
deu_train_track_a_00933,"der moment ist überhaupt gekommen, wo ich dir in die fresse haue.",1,0,0,0,0,0,['anger'],deu,train,0
deu_train_track_a_01531,ich werde kündigen und nur noch bei bedarf mal einen monat buchen.,0,0,0,0,0,0,[],deu,train,0
deu_train_track_a_00348,"für alles was gewesen ist und noch ist sind deine eltern verantwortlich und zwar zu 100%.  du warst nur ein kind. und bist immer noch ein kind deiner eltern.   eltern tragen die verantwortung für ihr eigenes verhalten zu 100%.  ich bin keine psychologin, aber die geschichte deiner familie hat dich vermutlich traumatisiert, dafür sprechen z.b. deine träume.   du sagst, du willst deine familie sehen, sie ist dir wichtig. vielleicht kannst du ihnen sagen, dass sie nicht mit dir über vergangenes reden dürfen. einfach mal die vergangenheit ausblenden, auf beiden seiten, bis du mit einem therapeuten reden konntest.   lass die verantwortung für alles gehen, die verantwortung gehört deinen eltern.",0,1,0,0,1,0,['disgust' 'sadness'],deu,train,0
deu_train_track_a_00366,fake! sie hat ein langarmshirt an! grüße aus der hölle unterm dach 🥵,1,1,0,0,0,0,['anger' 'disgust'],deu,train,0
deu_train_track_a_01573,"wenn du die sprache nicht wirklich sattelfest beherrscht würde ich es nicht machen. ist ja dann auch irgendwie unnatürlich oder?  wir erziehen von anfang an zweisprachig, da mein mann aus irland kommt. ich spreche einwandfreies englisch, hab aber bis vor kurzem nicht mal auf englisch vorgelesen. mittlerweile weiß unsere tochter, dass sie mit papa englisch spricht und mit mama deutsch. erst jetzt les ich ihr auch englische bücher vor. sie ist auch 2,ist sprachlich aber schon sehr weit, bei sätzen von 4-5 wörtern in beiden sprachen.",0,0,0,0,0,0,[],deu,train,0
deu_train_track_a_00501,ganz besonders die die unser land noch nie verlassen haben!,0,0,0,0,0,0,[],deu,train,0
deu_train_track_a_01365,viele regale wären leer,0,0,1,0,0,0,['fear'],deu,train,0
deu_train_track_a_00338,"es ist eigentlich nicht zum lachen aber irgendwie ist es lustig. ich hoffe es hat die erwischt die die größe fre**e von allen hatten. diejenigen die durch ihren job gezwungen wurden wünsche ich gute besserung. genau aus diesem grund habe ich mich geweigert und werde es auch weiterhin tun. man sieht hier wie die menschen erst erpresset werden um dann noch hängen gelassen zu werden. spuckt mir doch lieber direkt ins gesicht, das ist ehrlicher",1,1,0,0,1,0,['anger' 'disgust' 'sadness'],deu,train,0
deu_train_track_a_00331,"vielleicht auch hitzepickel? oder babyakne, die wandert gut und gerne auch mal auf den oberkörper. aber lieber einmal zu viel die hebamme oder den kinderarzt fragen, um sicher zu sein!",0,0,1,0,0,0,['fear'],deu,train,0
deu_train_track_a_01004,"ein mann hat verhindert, dass mir das handy geklaut wurde.  ich hatte auf eine s-bahn gewartet und jmd hat mir schon das handy aus meiner jackentasche entwendet bis der mann mich laut darauf aufmerksam gemacht hat.  ich bin ihm immer noch so unendlich dankbar, er war wahrlich ein guter mensch.  anzeige gegenüber dem dieb war auch möglich!",0,1,0,1,0,0,['disgust' 'joy'],deu,train,0
deu_train_track_a_02482,"hi. ich hab oben aus einer antwort entnommen das du als bfd auf der station gearbeitet hast. hab vollsten respekt vor dir, der sich allerdings mit bisschen wut auf unser gesundheitswesen mischt, dass freiwillige so eingesetzt werden.  habe selber letztes jahr vor meiner ausbildung ein bfd in der pflege in der psychiatrie gemacht.  meine frage nun: hattest du vorher irgendwie was mit medizin oder pflege schon gemacht? und wie sah dein aufgabengebiet aus, weil als bfd kannst du ja schlecht ohne abgeschlossen berufsausbildung oder studium am klienten arbeiten.   lg und vielen vielen dank",1,0,0,1,0,0,['anger' 'joy'],deu,train,0
deu_train_track_a_00290,"sie sollten sich schämen für das, was sie heute im #bundestag abgelassen haben ‼️ #standwithukraine",1,1,0,0,0,0,['anger' 'disgust'],deu,train,0
deu_train_track_a_00548,"nur so interessehalber, wie bist du überhaupt zu dem schluss gekommen, dass du bi bist, und dann in einer gleichgeschlechtlichen beziehung gelandet?  zum glück ist es noch früh genug. sag es ihr einfach - du bist nicht wirklich bisexuell, vielleicht biromantisch, sexuell fühlst du dich nur zum anderen geschlecht hingezogen. kommt dann auf ihre persönlichen neigungen an, wie sie damit umgeht. aber du musst es ihr in jedem fall deutlich sagen, alles andere wäre sehr unfair.",0,0,0,0,0,1,['surprise'],deu,train,0
deu_train_track_a_01854,"gestern hatte ich mein erstes vorsprechen überhaupt. ich bin um 5.00 morgens los gefahren, war um 12 dort, um 14.30 hab ich zwei rollen gespielt und ein lied gesungen und bisschen was über mich erzählt. dann wurde ich nicht mal eine minute raus geschickt, damit die dozenten sich besprechen und als ich wieder rein geholt wurde, hieß es 'die entscheidung ist uns leicht gefallen, wir wollen dich gerne ausbilden.""  ich bin immer noch nicht angekommen, dass ist völlig surreal.  zum kontext: bin 28m und gelernter krankenpfleger.   sowas passiert normalerweise nicht beim ersten vorsprechen. insane.",0,0,0,1,0,1,['joy' 'surprise'],deu,train,0
deu_train_track_a_00617,dschiraffe statt giraffe - keine ahnung wieso das in den letzten jahren verbreitung gefunden hat,0,1,0,0,0,1,['disgust' 'surprise'],deu,train,0
deu_train_track_a_00230,"schick sie zum endokrinologen. ihre hormone scheinen nicht gut eingestellt, wenn sie depressiv ist und ihre libido auf null ist. reden bringt da nichts, und solange sie keine libido hat, würde sie sich quasi selbst vergewaltigen, wenn sie mitmacht, sich danach missbraucht und elend fühlen. das willst du sicher auch nicht, dass sie dann nur daliegt und hofft, dass es schnell mit wenig schmerzen vorbei ist.",0,0,0,0,0,0,[],deu,train,0
deu_train_track_a_02201,"morgen #weltgebetstag2024  liturgie gestaltet von frauen aus #palestina ich bin bis auf wenige male, seit vielen jahren immer dabei den gottesdienst mitzugestalten. ich finde es diesmal  schwer. aber mit gottes hilfe wird mir am mikrofon nicht die stimme versagen #friedenbitte",0,0,1,0,1,0,['fear' 'sadness'],deu,train,0
deu_train_track_a_02136,bestimmt☝🏻. wie man an sowas überhaupt ne freude haben kann😐,0,1,0,0,1,0,['disgust' 'sadness'],deu,train,0
deu_train_track_a_01050,"das tut mir unfassbar leid fúr dich. aber weißt du was das gute ist? du hast es jetzt erfahren und bist noch so schön jung und kannst dein leben jetzt anders gestalten! trenn dich von ihm und zieh (wenn du das willst) zurück zu deinen eltern oder allgemein weg von ihm. du brauchst ihn nicht. finanziell kann man alles regeln, eltern fragen, soziale hilfe, alles ist da erstmal irgendwie möglich also daran soll es bitte bitte nicht scheitern! du bist nicht von ihm abhängig. du hast noch dein ganzes leben vor dir. ich wünsche dir nur das beste!!",0,0,0,1,1,0,['joy' 'sadness'],deu,train,0
deu_train_track_a_01239,"kein sex, wie sah es allgemein aus, habt ihr euch kaum geküsst, umarmt und gekuschelt?   falls nicht und der fakt das sie regelmäßig feiern war, spricht für mich eher das sie wahrscheinlich jemand anderes gefunden hat, wahrscheinlich mittendrin in einer affäre drin steckt.    wäre meine erster gedanke. eine ehe ohne kommunikation klappt selten gut. sie möchte nichtmal um eure ehe kämpfen. denke sie hat da jemand anderes gefunden.",0,1,0,0,1,0,['disgust' 'sadness'],deu,train,0
deu_train_track_a_00957,saftlos sind deine inhalte  jedenfalls schonmal. gibst  dich hier als alter mann aus.,1,1,0,0,0,0,['anger' 'disgust'],deu,train,0
deu_train_track_a_01590,"die menschen die fähig sind selbstzudenken, werden sich nicht mit irgendwelchen rot/grün/schwarz/lgtbq/palestina/antifa demos einschüchtern lassen. ich bin migrantin und habe keine angst vor der von den medien herausgefundenen deportation. afd will keinen deportierten sondern abschieben. abschieben ist gut. das gesetz muss angewendet werden.  wenn die gesetze missachtet werden, gibt's kein rechtsstaat mehr. wenn die staatsanwaltschaft auf befehl der regierung arbeitet, gibt's kein rechtsstaat. in deutschland ist es eine tatsache. afd muss das kranke land heilen.",1,1,0,0,0,0,['anger' 'disgust'],deu,train,0
deu_train_track_a_00311,die energiewende wird teuer. der ausbau und umbau der stromnetze könnte die strompreise bis 2030 um 20 cent steigen lassen. man rechnet hier bis 2030 mit kosten um die 500 milliarden euro. der gesamte umbau wird zwischen 1 und 2 billionen euro verschlingen. da ist nichts mit einer kugel eis!!.,1,0,1,0,0,0,['anger' 'fear'],deu,train,0
deu_train_track_a_00187,"man braucht nur die augen öffnen und beobachten, dann sieht man genau wer schaden davon getragen hat, in meinem umfeld nur geimpfte, sagt ein freund !",1,1,0,0,0,0,['anger' 'disgust'],deu,train,0
deu_train_track_a_01840,"ist es üblich für ein solches  verfahren 1,25 jahre u haft zu verhängen ? 🧐",0,0,0,0,0,1,['surprise'],deu,train,0
deu_train_track_a_01724,eine blamage für diese protest partei . nicht mal ihre eigene veranstaltung kriegen sie geregelt. und sowas will regieren. unfähig er brauner haufen,1,1,0,0,0,0,['anger' 'disgust'],deu,train,0
deu_train_track_a_00551,"nur das beste für deine zukunft! ich hoffe das gespräch läuft einigermaßen gesittet ab. falls nicht, kannst du immer die reisleine ziehen und wieder von daheim verschwinden.  wie alle anderen gebe ich dir den tipp: zieh nicht wieder zuhause ein. deine eltern müssen noch einiges lernen.",0,0,0,0,0,0,[],deu,train,0
deu_train_track_a_02213,"ich hab hier auf meinem grundstück ein zweites haus das ich in eine kneipe umbaue. mir fehlt ein lustiger name. ich wohne z.zt. in den staaten und es sollte schon was deutsches sein. die meissten deutschen kommen eh zu mir weil der ""german-american club"" ziemlich scheisse ist.  mein favorit im moment ist ""zum hurensohn.""",0,0,0,1,0,0,['joy'],deu,train,0
deu_train_track_a_00396,"ich mochte an zalando nicht, dass man für 6 teile 8 verschiedene pakete von 12 verschiedenen firmen bekommen hat (ich übertreibe..) aber ich find die auswahl halt schön groß.   was mir etwas besser gefallen hat war h&m - da kaufe ich zwar sonst seit jahren nicht mehr ein, aber insb. die hosen, leggins und kleider da find ich ganz gut.",0,1,0,1,0,0,['disgust' 'joy'],deu,train,0
deu_train_track_a_01506,"hab jetzt einige zeit medikamente genommen, um stabilität rein zu bringen. hat echt was gebracht. momentan werde ich aber umgestellt, weil hinter der depression was anderes steckte... daher gerade ohne medis (deutlich schwerer mich aufzuraffen).   mir hilft das wissen ungemein, dass es ohne tagesstruktur schlimmer wird und daher zwinge ich mich. meistens ist den widerstand überwinden das größte problem, wenn man angefangen hat läuft es eigentlich von selbst.   gibt es vielleicht einen weg für dich das zu schaffen?",0,0,0,0,1,0,['sadness'],deu,train,0
deu_train_track_a_01227,hamas ist nur eure ausrede um die palästinenser zu vernichten!,1,0,0,0,0,0,['anger'],deu,train,0
deu_train_track_a_02078,menschen die lautstark tiktoks in den öffentlichen anschauen,1,1,0,0,0,0,['anger' 'disgust'],deu,train,0
deu_train_track_a_00460,sind wir nur von knechten der us regierung umgeben?,1,1,0,0,0,0,['anger' 'disgust'],deu,train,0
deu_train_track_a_02003,"der genozid muss aufhören, würde es wirklich um geiseln gehen, würden sie doch keine rakete warlos in menschenmengen schießen. damit löschen sie ihre eigenen geiseln aus. wie sie klar zugeben, geht es um terretoriums erweiterung.",1,1,0,0,1,0,['anger' 'disgust' 'sadness'],deu,train,0
deu_train_track_a_02176,"hi kuhlertype,  ich finde es total wichtig, dass ihr eine offene kommunikation über eure rollen habt! wie du richtig sagst, seid ihr ein paar und nicht pflegende und pflegefall.  schaut gemeinsam darauf, wo ihr euch als paar begegnet und wo es für dich und für deine frau ok ist, dir zu helfen, ohne in eine pflegerinrolle zu kommen. vielleicht gibt es ja auch bereiche, wo du dich und sie dich als hilfreich erlebt (klassische beispiele: ausfüllen der steuererklärung oder einrichten von technischen dingen oder ähnliches!)",0,0,0,0,0,0,[],deu,train,0
deu_train_track_a_00992,"der unterschied zwischen auschwitz und gaza:  die auschwitz-häftlinge fürchteten, dass die welt nicht glauben wird, was dort geschah.  die gaza-häftlinge wissen seit über 76 jahren, dass ihnen der westen nicht glaubt.   daraus erwuchs ihre stärke. israel hasst das.",1,1,0,0,1,0,['anger' 'disgust' 'sadness'],deu,train,0
deu_train_track_a_02247,hab auch die woche rufbereitschaft. bei uns per umleitung aufs normale handy. kann also nicht lautlos stellen. 😭,0,0,0,0,1,0,['sadness'],deu,train,0
deu_train_track_a_00206,"ja das ist völlig in ordnung, es gibt dazu keine studien, die eine schädliche wirkung beweisen würden :) hatte mich damals vor meinem friseurtermin auch informiert.   viel spaß! :)",0,0,0,1,0,0,['joy'],deu,train,0
deu_train_track_a_01020,"ich weiß es ist schwer von seinem ersten kind getrennt zu sein. es ist doof alleine im kh zu sein und zu warten.   aber tu es. warte mit der einleitung so lange es geht.  ich wurde bei meinem zweiten kind auf drängen der ärzte eingeleitet und dachte ""so schlimm kanns ja nicht werden"". doch wurde es. und noch schlimmer. es war schrecklich und ich bin gerade dabei das trauma zu verarbeiten.  deswegen, solange es dem kind gut geht warte lieber noch. entspanne dich so gut es geht, schau irgendeine lustige serie oder so, ablenkung hilft meistens sehr gut.  ich drücke dir die daumen!",0,1,1,0,1,0,['disgust' 'fear' 'sadness'],deu,train,0
deu_train_track_a_01154,ganz klar für eine impfpflicht. anders werden wir das wohl nicht in den griff bekommen.,0,0,1,0,0,0,['fear'],deu,train,0
deu_train_track_a_01583,"nein nein nix da, fuck den schön weiter ab bis er seinen scheiß weg räumt, oder räum es ihm auf den arbeitsplatz. der macht dir damit nur mehr arbeit, da würde ich an die decke gehen",1,0,0,0,0,0,['anger'],deu,train,0
deu_train_track_a_02478,"schöner text. ich war mal mit freunden im urlaub, als ich einen depressiven schub bekam. wie das so ist, hatte ich objektiv betrachtet jeden grund, glücklich zu sein, fühlte mich aber trotzdem bloß furchtbar. ich hab mich geschämt und hatte angst, den anderen mit meiner stimmung den trip zu vermiesen.  irgendwann bin ich kurz raus, um in ruhe zu weinen (und das nicht auch noch jemandem zuzumuten), da kam eine freundin zu mir, nahm mich vorsichtig in den arm und sagte bloß ""alles, was du grad fühlst, darfst du auch fühlen.""  der satz begleitet mich seitdem und der text hat mich irgendwie daran erinnert.",0,0,0,1,1,0,['joy' 'sadness'],deu,train,0
deu_train_track_a_00248,"das war hier die ersten 500 kommentare ganz lustig, inzwischen stellen wir aber einen verstärkten incel-einschlag bei den neueren kommentaren fest. überhaupt scheinen sich eine menge leute ziemlich ausgelöst zu fühlen - ich würde ja gerne behaupten, dass das auch nur *irgendwie* überraschend ist.   wir dulden keine persönlichen angriffe. auch nicht, wenn op mit capslock auf den nerv geht. zum mitschreiben: capslock ist keine einladung mal den angestauten hass aufs andere (oder teilweise gleiche) geschlecht rauszulassen. persönliche angriffe und sexismus werden gestriket, incel-kommentare sorgen dafür, dass der account ganz aus dem sub gekärchert wird.",1,1,0,0,0,0,['anger' 'disgust'],deu,train,0
deu_train_track_a_01567,"hin und wieder stolpere ich über einen beitrag, der mir entweder weiterhilft oder mich unerwartet zum lachen bringt. diesen leuten gebe ich einen award in dem wissen, dass das geld einen kleinen beitrag dazu leistet, die plattform für diesen beitrag bereitzustellen.",0,0,0,1,0,0,['joy'],deu,train,0
arq_train_track_a_00271,عيني عيطت: خرجت؟ في هاذ الوقت يا ربّي!,1,0,1,0,0,1,['anger' 'fear' 'surprise'],arq,train,0
arq_train_track_a_00165,الراوي: عينين ماما كانوا يحللوا فيها. عمر كان حاب يخرج للطريق يسوغ بصح يماه حبساته عند الباب.,1,1,1,0,1,0,['anger' 'disgust' 'fear' 'sadness'],arq,train,0
arq_train_track_a_00404,"الراوي: ""نهار الخميس، عمر ماكانش يقرا و عيني ما كانتش تعرف كيفاش تتهنى منه.""",1,1,0,0,1,0,['anger' 'disgust' 'sadness'],arq,train,0
arq_train_track_a_00240,"عيني: "" ما تحشمش يا واحد البنيتة!""",1,1,0,0,0,0,['anger' 'disgust'],arq,train,0
arq_train_track_a_00687,"عيني:""سعدي في الهم!""",1,1,0,0,1,0,['anger' 'disgust' 'sadness'],arq,train,0
arq_train_track_a_00830,عمر قعد غير يدقدق فالباب قبل ما يحلّوله. واحد الصوت سقسى مالداخل: شكون؟ جاوب: أنا عمر.,0,0,1,0,0,1,['fear' 'surprise'],arq,train,0
arq_train_track_a_00201,قراجمه يوجعوه و كان يعاود شوية كلمات هوما هوما بلا ما يحبس.,0,0,0,0,1,0,['sadness'],arq,train,0
arq_train_track_a_00875,الراوي: امبعد راحوا و فاطيمة قدرت تدخل لبيتها.,0,0,0,1,1,0,['joy' 'sadness'],arq,train,0
arq_train_track_a_00645,الراوي: عمر يقدر ضرك يطلق روحه ويرقد، يرقد، يرقد.,0,0,0,1,0,0,['joy'],arq,train,0
arq_train_track_a_00180,الراوي: الناس كانوا يستناو ذاك الوقت باش يتنفسوا. و ثماك وين كانوا النسا يروحوا يعسوا حميد.,0,0,1,0,0,0,['fear'],arq,train,0
arq_train_track_a_00621,عويشة حبست ما تخبّي الفرحة ديالها. عيني نطقت: - من واش من جيهة راكي؟,0,0,0,1,0,1,['joy' 'surprise'],arq,train,0
arq_train_track_a_00358,"جدة: ""واش كنت قادرة ندير يا بنتي؟""",0,0,1,0,1,1,['fear' 'sadness' 'surprise'],arq,train,0
arq_train_track_a_00247,زينة: ما حبتنيش نجري ثانيت!؟ ما عنديش رجليّا خلاص، يا وليدي. واش راه صاري؟ وعلاش ما تجيش هي؟,1,0,1,0,0,1,['anger' 'fear' 'surprise'],arq,train,0
arq_train_track_a_00740,"امبعد عيشة العجوزة راحت للسحين شادة فالحيط مطلعة عينيها للسما و تدعي بلعقل: ""يا ربي إذا تقبل دعاويا سلكنا"". ركعت و قاعدة تهدر بلعقل.",0,0,1,0,1,0,['fear' 'sadness'],arq,train,0
arq_train_track_a_00430,عويشة: ما سمعت والو. كنت مشغولة. ما نقدرو نسّمعوا والو منّا. ضرك نروح نشوف.,0,0,0,0,0,1,['surprise'],arq,train,0
arq_train_track_a_00544,اخواتته حسبوا روحهم انبخصوا ما لّا قالوا: شحال نقدرو نعيشو خير من هكذا لو كان ما نشريوش كامل هاذ الخبز.,1,1,0,0,1,0,['anger' 'disgust' 'sadness'],arq,train,0
arq_train_track_a_00584,وكي كامل كانوا يخمّموا على معيشة جدّة، بنت خالتهم الصغيرة نطقت: - كي ما يولّوش قادرين يعيشوا، يحسّوا. يفهموها ثم ثم…,0,0,0,0,1,0,['sadness'],arq,train,0
arq_train_track_a_00840,"الراوي: كي يسيل الدم عند جماعة الجماعة لخرى تهرب و يبداو ينقزوا و يعيطوا: ""هو! هو!"" باش يتمسخروا بيهم.",1,0,0,1,0,0,['anger' 'joy'],arq,train,0
arq_train_track_a_00829,يماه جاوباته: انت بلّع فمك!,1,1,0,0,0,0,['anger' 'disgust'],arq,train,0
arq_train_track_a_00504,"الشيخ حسان قال بلعقل: ""ما كانش منها كي يقولولكم بلي فرنسا هي بلادكم...""",1,1,0,0,1,0,['anger' 'disgust' 'sadness'],arq,train,0
arq_train_track_a_00229,عمر كان فايق بلي جدة ما كانتش فاهمة مليح واش لي راهو صايرلها. كانت بلا قوة وماشي قادرة تحبس قباحة عيني وفي عينيها كان يبان الهم تع وحدة عيات بزاف.,0,0,1,0,1,0,['fear' 'sadness'],arq,train,0
arq_train_track_a_00311,لالة: و باباك راح للمسيد؟ و جدك؟ و جدودك؟ و ڨع سلالتك؟ و عايلتك؟ و لي نعرفوهم؟,1,1,0,0,0,0,['anger' 'disgust'],arq,train,0
arq_train_track_a_00578,الراوي: عمر كان هكذا مخلّي روحه بلا ما يخمّم في والو، محمي بالطُفُولَة دياله.,0,0,0,1,0,0,['joy'],arq,train,0
arq_train_track_a_00898,الراوي: كانت تشكي بصح من بعد تدير كيما لُخرين.,0,0,0,0,1,0,['sadness'],arq,train,0
arq_train_track_a_00823,"عمر لقى روحه وحده في السحين و الدم ضرب في وذنيه: ""بوليسية!""",1,0,1,0,0,1,['anger' 'fear' 'surprise'],arq,train,0
arq_train_track_a_00064,عيني: فرحتك ما نحبّسهالكش. بصّح ربي يحبّسهالك.,1,1,0,0,0,0,['anger' 'disgust'],arq,train,0
arq_train_track_a_00513,"واحد من الدراري: "" كليت طرف لحم كبير هكذا؟""",0,0,0,1,1,1,['joy' 'sadness' 'surprise'],arq,train,0
arq_train_track_a_00343,الراوي: على الحداش صرات مضاربة بالحجر عند الباب تع المسيد و كملت في الطريق حتى للمدينة.,1,0,0,0,0,0,['anger'],arq,train,0
arq_train_track_a_00472,الراوي: دار سبيطار كانت كيما القرية. الطول ديالها و كيفاش كانت مخدومة الداخل ما كانوش يقدروا يعطونا فكرة على شحال من كاري كان الداخل.,0,0,0,0,0,0,[],arq,train,0
arq_train_track_a_00360,"الشيخ بن صاري: ""راني نقولها ليكم كامل: خلاص! هاذ الدموع ثمال و حقنا نعيطوا! نعيطو نسّمعو كامل لي ما يسمعوش... إذا بقى في هاذ البلاد... إذا بقى لي ما فهموش... انتو فهمتوا. واش عندكم تقولوا؟""",1,1,0,0,1,1,['anger' 'disgust' 'sadness' 'surprise'],arq,train,0
arq_train_track_a_00485,الراوي: زينة ما كانتش فرحانة بروحها لي قلقتهم.,0,0,0,0,1,0,['sadness'],arq,train,0
arq_train_track_a_00555,عيني راقدة تهدر: في بالك ما راهي تربح والو من هاذ السّفر؟,0,1,0,0,1,1,['disgust' 'sadness' 'surprise'],arq,train,0
arq_train_track_a_00864,المراة: و يامات من بعد مرته ماشي راحت لعندهم؟ كانت حابّة تعرف واش راه وتدّيله الماكلة.,0,0,1,0,1,1,['fear' 'sadness' 'surprise'],arq,train,0
arq_train_track_a_00134,الراوي: الرّجال كانوا يسمعوا: ناس الدّوّار، الفلّاحين، لي جابوا ريحتهم معاهم، ريحة قاسحة تاع التراب كي يقلبوه كي يخدموا لرض.,0,0,0,0,0,0,[],arq,train,0
arq_train_track_a_00693,الراوي:عمر  مع ڨع هذا، حب يفهم واش صرا.,0,0,0,0,0,1,['surprise'],arq,train,0
arq_train_track_a_00224,الراوي: الزنقات كامل كانوا دايّين هاذ الناس لقدّام البلدية وين انطّاموا كامل ناس تلمسان.,0,0,1,0,0,0,['fear'],arq,train,0
arq_train_track_a_00159,الراوي: من جميع لي يسكنوا في دار سبيطار واحد ما فهم علاه ذاك الحس.,0,0,0,0,0,1,['surprise'],arq,train,0
arq_train_track_a_00320,الراوي: عيني ولات تعرف كيفاش تفهم هاذ الحسابات من قوة اللي عندها يامات من اللي راهي تعاودهم.,0,0,0,1,0,0,['joy'],arq,train,0
arq_train_track_a_00761,عيني: كي نخدمو ڨع حياتنا تقعدلنا دار العجزة ولاّ نطلبو.,0,1,0,0,1,0,['disgust' 'sadness'],arq,train,0
arq_train_track_a_00093,الراوي: عندها شويّة وقت، جدّة ولّات تهدر بزّاف! ردّوا بالهم بلّي كي لي راهي متحاكمة مع كاش حاجة ما تنشافش.,1,0,0,0,1,1,['anger' 'sadness' 'surprise'],arq,train,0
arq_train_track_a_00090,الراوي: كانوا يهّدروا عليها كلّ مرّة. قالك لي رايح يبدا هاذ الحرب واحد واعر. الرّمز دياله واحد الصليب معوّج من كامل لجوايه تقوشيها رودة كانت مرسومة بالفحم في كامل الحيوط تع المدينة.,0,0,1,0,0,1,['fear' 'surprise'],arq,train,0
arq_train_track_a_00570,جدّة: - ما عندكش قلب. ما عندكش الرّحمة للّي جابتك للدّنيا. ترقدي وتخلّيني؟ كانت تعيّط لعمر.,1,1,1,0,1,0,['anger' 'disgust' 'fear' 'sadness'],arq,train,0
arq_train_track_a_00432,"عمر خمّم ""انعم ايه"".",0,0,0,0,0,0,[],arq,train,0
arq_train_track_a_00448,عمر بدا يحلّل بصح قدور غلقله الباب على وجهه و عمر كملّ يطبطب و يبكي من قلبه: عمي قدور ربي يحفظك! أعطيني الخبز! ان شاء الله ربي يعطيك بزاف الدراهم! ان شاءالله تروح لمكة!,0,0,1,0,1,0,['fear' 'sadness'],arq,train,0
arq_train_track_a_00274,الراوي: واحد من اولاد خالتي حسنة لقى خدمة لعمر عند واحد الحفّاف.,0,0,0,1,0,0,['joy'],arq,train,0
arq_train_track_a_00078,الراوي: الماشينة عندها خمسطاش سنة معنتها قبل ما يموت راجلها بدات عيني تستعملها باش تعيّشهم.,0,0,0,0,1,0,['sadness'],arq,train,0
arq_train_track_a_00708,عمر كان يعرف ناس كيما عايلته، جيرانهم وكامل لي كانوا معمرين دار سبيطار، ديور كيما هي وحومات كيما دياله: كامل هاذ القلالين مطمومين! شحال كانوا بزّاف!,0,0,0,0,1,1,['sadness' 'surprise'],arq,train,0
arq_train_track_a_00349,نطقت المراة: انت لازم نستناوك نص نهار!,1,0,0,0,0,0,['anger'],arq,train,0
arq_train_track_a_00575,الراوي: بنيان بعيد كان يبان من الفتحة تاع الباب المظلامة في هاذ الليلة.,0,0,0,0,0,0,[],arq,train,0
arq_train_track_a_00632,الراوي: كي كانت تقول هكذا الحالة تزيد تخسر بصح كي كانت تدوس، عيني كانت تنقص على روحها شوية.,1,0,0,0,1,0,['anger' 'sadness'],arq,train,0
arq_train_track_a_00102,عمر: راهي الحرب! راهي الحرب! و ما قدرش يقول حاجة أخرى.,0,0,1,0,0,1,['fear' 'surprise'],arq,train,0
arq_train_track_a_00582,لالة كانت ملحفة بحايك صوف ابيض حبطاته و خرجت منديل من حزامها باش تمسخ بيه وجهها.,0,0,0,0,0,0,[],arq,train,0
arq_train_track_a_00167,"عيني: ""انسروا نيفكم من قبل يا ذراري.""",0,1,0,0,0,0,['disgust'],arq,train,0
arq_train_track_a_00619,الراوي: قالوله لعمر بلي حكمه واحد المرض في صدره ما قدرش يبرى منه و مات.,0,0,1,0,1,0,['fear' 'sadness'],arq,train,0
arq_train_track_a_00033,الراوي في كرش عمر الماكلة لّي كلاها تخلطت: الخبزو الخيار قعدوا غير يثقالوا.,0,0,0,0,0,0,[],arq,train,0
